{
  "providers": [
    {
      "name": "Deepgram",
      "value": "deepgram",
      "models": [
        {
          "name": "Nova-2",
          "value": "nova-2",
          "languages": [
            { "name": "English-US", "value": "en-US" },
            { "name": "English-UK", "value": "en-GB" },
            { "name": "Spanish", "value": "es" }
          ]
        },
        {
          "name": "Base",
          "value": "base",
          "languages": [{ "name": "English-US", "value": "en-US" }, { "name": "French", "value": "fr" }]
        }
      ]
    },
    {
      "name": "OpenAI Whisper",
      "value": "openai",
      "models": [
        {
          "name": "Whisper-1",
          "value": "whisper-1",
          "languages": [
            { "name": "English-US", "value": "en-US" },
            { "name": "Spanish", "value": "es" },
            { "name": "French", "value": "fr" },
            { "name": "German", "value": "de" }
          ]
        }
      ]
    },
    {
      "name": "Azure Speech",
      "value": "azure",
      "models": [
        {
          "name": "Standard",
          "value": "standard",
          "languages": [{ "name": "English-US", "value": "en-US" }, { "name": "English-UK", "value": "en-GB" }]
        },
        {
          "name": "Premium",
          "value": "premium",
          "languages": [
            { "name": "English-US", "value": "en-US" },
            { "name": "Spanish", "value": "es" },
            { "name": "French", "value": "fr" }
          ]
        }
      ]
    }
  ]
}
